Ip,Mac,Owner,Device
140.116.6.1,sadfasd,sdfasd,請選擇設備
140.116.6.2,sdfsfa,,設備二
140.116.6.3,,,請選擇設備
140.116.6.4,,,請選擇設備
140.116.6.5,,,請選擇設備
140.116.6.6,,,請選擇設備
140.116.6.7,,,請選擇設備
140.116.6.8,,,請選擇設備
140.116.6.9,,,請選擇設備
140.116.6.10,,,請選擇設備
140.116.6.11,,,請選擇設備
140.116.6.12,,,請選擇設備
140.116.6.13,,,請選擇設備
140.116.6.14,,,請選擇設備
140.116.6.15,,,請選擇設備
140.116.6.16,,,請選擇設備
140.116.6.17,,,請選擇設備
140.116.6.18,,,請選擇設備
140.116.6.19,,,請選擇設備
140.116.6.20,,,請選擇設備
140.116.6.21,,,請選擇設備
140.116.6.22,,,請選擇設備
140.116.6.23,,,請選擇設備
140.116.6.24,,,請選擇設備
140.116.6.25,,,請選擇設備
140.116.6.26,,,請選擇設備
140.116.6.27,,,請選擇設備
140.116.6.28,,,請選擇設備
140.116.6.29,,,請選擇設備
140.116.6.30,,,請選擇設備
140.116.6.31,,,請選擇設備
140.116.6.32,,,請選擇設備
140.116.6.33,,,請選擇設備
140.116.6.34,,,請選擇設備
140.116.6.35,,,請選擇設備
140.116.6.36,,,請選擇設備
140.116.6.37,,,請選擇設備
140.116.6.38,,,請選擇設備
140.116.6.39,,,請選擇設備
140.116.6.40,,,請選擇設備
140.116.6.41,,,請選擇設備
140.116.6.42,,,請選擇設備
140.116.6.43,,,請選擇設備
140.116.6.44,,,請選擇設備
140.116.6.45,,,請選擇設備
140.116.6.46,,,請選擇設備
140.116.6.47,,,請選擇設備
140.116.6.48,,,請選擇設備
140.116.6.49,,,請選擇設備
140.116.6.50,,,請選擇設備
140.116.6.51,,,請選擇設備
140.116.6.52,,,請選擇設備
140.116.6.53,,,請選擇設備
140.116.6.54,,,請選擇設備
140.116.6.55,,,請選擇設備
140.116.6.56,,,請選擇設備
140.116.6.57,,,請選擇設備
140.116.6.58,,,請選擇設備
140.116.6.59,,,請選擇設備
140.116.6.60,,,請選擇設備
140.116.6.61,,,請選擇設備
140.116.6.62,,,請選擇設備
140.116.6.63,,,請選擇設備
140.116.6.64,,,請選擇設備
140.116.6.65,,,請選擇設備
140.116.6.66,,,請選擇設備
140.116.6.67,,,請選擇設備
140.116.6.68,,,請選擇設備
140.116.6.69,,,請選擇設備
140.116.6.70,,,請選擇設備
140.116.6.71,,,請選擇設備
140.116.6.72,,,請選擇設備
140.116.6.73,,,請選擇設備
140.116.6.74,,,請選擇設備
140.116.6.75,,,請選擇設備
140.116.6.76,,,請選擇設備
140.116.6.77,,,請選擇設備
140.116.6.78,,,請選擇設備
140.116.6.79,,,請選擇設備
140.116.6.80,,,請選擇設備
140.116.6.81,,,請選擇設備
140.116.6.82,,,請選擇設備
140.116.6.83,,,請選擇設備
140.116.6.84,,,請選擇設備
140.116.6.85,,,請選擇設備
140.116.6.86,,,請選擇設備
140.116.6.87,,,請選擇設備
140.116.6.88,,,請選擇設備
140.116.6.89,,,請選擇設備
140.116.6.90,,,請選擇設備
140.116.6.91,,,請選擇設備
140.116.6.92,,,請選擇設備
140.116.6.93,,,請選擇設備
140.116.6.94,,,請選擇設備
140.116.6.95,,,請選擇設備
140.116.6.96,,,請選擇設備
140.116.6.97,,,請選擇設備
140.116.6.98,,,請選擇設備
140.116.6.99,,,請選擇設備
140.116.6.100,,,請選擇設備
140.116.6.101,,,請選擇設備
140.116.6.102,,,請選擇設備
140.116.6.103,,,請選擇設備
140.116.6.104,,,請選擇設備
140.116.6.105,,,請選擇設備
140.116.6.106,,,請選擇設備
140.116.6.107,,,請選擇設備
140.116.6.108,,,請選擇設備
140.116.6.109,,,請選擇設備
140.116.6.110,,,請選擇設備
140.116.6.111,,,請選擇設備
140.116.6.112,,,請選擇設備
140.116.6.113,,,請選擇設備
140.116.6.114,,,請選擇設備
140.116.6.115,,,請選擇設備
140.116.6.116,,,請選擇設備
140.116.6.117,,,請選擇設備
140.116.6.118,,,請選擇設備
140.116.6.119,,,請選擇設備
140.116.6.120,,,請選擇設備
140.116.6.121,,,請選擇設備
140.116.6.122,,,請選擇設備
140.116.6.123,,,請選擇設備
140.116.6.124,,,請選擇設備
140.116.6.125,,,請選擇設備
140.116.6.126,,,請選擇設備
